{"cameraMode":{"drawMode":0,"name":"Shaded","section":"Shading Mode"},"sceneLighting":true,"audioPlay":false,"sceneViewState":{"showFog":true,"showMaterialUpdate":false,"showSkybox":true,"showFlares":true,"showImageEffects":true,"showParticleSystems":true},"in2DMode":false,"pivot":{"x":-12.045791625976563,"y":-4.700222015380859,"z":9.634927749633789},"rotation":{"x":-0.20051518082618714,"y":0.5023353099822998,"z":-0.12101412564516068,"w":-0.8323512673377991},"size":33.9720344543457,"orthographic":false}