{"cameraMode":{"drawMode":0,"name":"Shaded","section":"Shading Mode"},"sceneLighting":true,"audioPlay":false,"sceneViewState":{"showFog":true,"showMaterialUpdate":true,"showSkybox":true,"showFlares":true,"showImageEffects":true,"showParticleSystems":true},"in2DMode":false,"pivot":{"x":-92.89055633544922,"y":-191.71121215820313,"z":-144.32443237304688},"rotation":{"x":0.13261017203330995,"y":-0.8606197237968445,"z":0.40086349844932558,"w":0.28470468521118166},"size":273.60443115234377,"orthographic":false}