{"cameraMode":{"drawMode":0,"name":"Shaded","section":"Shading Mode"},"sceneLighting":true,"audioPlay":false,"sceneViewState":{"showFog":true,"showMaterialUpdate":false,"showSkybox":true,"showFlares":true,"showImageEffects":true,"showParticleSystems":true},"in2DMode":false,"pivot":{"x":-11.442030906677246,"y":-5.67180061340332,"z":9.714733123779297},"rotation":{"x":-0.20051518082618714,"y":0.5023353099822998,"z":-0.12101412564516068,"w":-0.8323512673377991},"size":29.565465927124025,"orthographic":false}