{"cameraMode":{"drawMode":0,"name":"Shaded","section":"Shading Mode"},"sceneLighting":true,"audioPlay":false,"sceneViewState":{"showFog":true,"showMaterialUpdate":false,"showSkybox":true,"showFlares":true,"showImageEffects":true,"showParticleSystems":true},"in2DMode":false,"pivot":{"x":2.3870325088500978,"y":-10.711853981018067,"z":22.02204132080078},"rotation":{"x":-0.29570311307907107,"y":0.0644175112247467,"z":-0.019990481436252595,"w":-0.9528958201408386},"size":38.197540283203128,"orthographic":false}