{"cameraMode":{"drawMode":0,"name":"Shaded","section":"Shading Mode"},"sceneLighting":false,"audioPlay":false,"sceneViewState":{"showFog":true,"showMaterialUpdate":false,"showSkybox":true,"showFlares":true,"showImageEffects":true,"showParticleSystems":true},"in2DMode":false,"pivot":{"x":-0.9005582332611084,"y":0.6455433368682861,"z":-0.07631731033325196},"rotation":{"x":-0.10973299294710159,"y":0.8849772214889526,"z":-0.26447245478630068,"w":-0.36718976497650149},"size":4.455262660980225,"orthographic":false}