{"cameraMode":{"drawMode":0,"name":"Shaded","section":"Shading Mode"},"sceneLighting":true,"audioPlay":false,"sceneViewState":{"showFog":true,"showMaterialUpdate":true,"showSkybox":true,"showFlares":true,"showImageEffects":true,"showParticleSystems":true},"in2DMode":false,"pivot":{"x":-131.8890380859375,"y":-86.04183959960938,"z":24.621551513671876},"rotation":{"x":0.25738850235939028,"y":-0.5848371386528015,"z":0.20287182927131654,"w":0.7419971823692322},"size":168.18055725097657,"orthographic":false}