{"cameraMode":{"drawMode":0,"name":"Shaded","section":"Shading Mode"},"sceneLighting":true,"audioPlay":false,"sceneViewState":{"showFog":true,"showMaterialUpdate":true,"showSkybox":true,"showFlares":true,"showImageEffects":true,"showParticleSystems":true},"in2DMode":false,"pivot":{"x":6.8631591796875,"y":-4.2912445068359379,"z":9.98710823059082},"rotation":{"x":0.3510504961013794,"y":0.3237570524215698,"z":-0.1308172196149826,"w":0.8688105940818787},"size":40.51655197143555,"orthographic":false}