{"cameraMode":{"drawMode":0,"name":"Shaded","section":"Shading Mode"},"sceneLighting":true,"audioPlay":false,"sceneViewState":{"showFog":true,"showMaterialUpdate":false,"showSkybox":true,"showFlares":true,"showImageEffects":true,"showParticleSystems":true},"in2DMode":false,"pivot":{"x":-159.38461303710938,"y":-212.6834259033203,"z":7.911591529846191},"rotation":{"x":-0.2961875796318054,"y":0.6543340682983398,"z":-0.31150534749031069,"w":-0.6221610307693481},"size":305.9423828125,"orthographic":false}