{"cameraMode":{"drawMode":0,"name":"Shaded","section":"Shading Mode"},"sceneLighting":true,"audioPlay":false,"sceneViewState":{"showFog":true,"showMaterialUpdate":false,"showSkybox":true,"showFlares":true,"showImageEffects":true,"showParticleSystems":true},"in2DMode":false,"pivot":{"x":3.4448795318603517,"y":-2.7974863052368166,"z":0.2651941776275635},"rotation":{"x":-0.18740899860858918,"y":0.7513105869293213,"z":-0.24058054387569428,"w":-0.5852617025375366},"size":19.3807315826416,"orthographic":false}