{"cameraMode":{"drawMode":0,"name":"Shaded","section":"Shading Mode"},"sceneLighting":true,"audioPlay":false,"sceneViewState":{"showFog":true,"showMaterialUpdate":false,"showSkybox":true,"showFlares":true,"showImageEffects":true,"showParticleSystems":true},"in2DMode":false,"pivot":{"x":-19.519847869873048,"y":-18.75010108947754,"z":23.82118797302246},"rotation":{"x":-0.2615107297897339,"y":0.38033053278923037,"z":-0.11303963512182236,"w":-0.8798766732215881},"size":54.03034210205078,"orthographic":false}