{"cameraMode":{"drawMode":0,"name":"Shaded","section":"Shading Mode"},"sceneLighting":false,"audioPlay":false,"sceneViewState":{"showFog":true,"showMaterialUpdate":false,"showSkybox":true,"showFlares":true,"showImageEffects":true,"showParticleSystems":true},"in2DMode":false,"pivot":{"x":3.9200000762939455,"y":0.7300000190734863,"z":2.2899999618530275},"rotation":{"x":-0.20051518082618714,"y":0.5023353099822998,"z":-0.12101412564516068,"w":-0.8323512673377991},"size":2.8578836917877199,"orthographic":false}