{"cameraMode":{"drawMode":0,"name":"Shaded","section":"Shading Mode"},"sceneLighting":false,"audioPlay":false,"sceneViewState":{"showFog":true,"showMaterialUpdate":false,"showSkybox":true,"showFlares":true,"showImageEffects":true,"showParticleSystems":true},"in2DMode":false,"pivot":{"x":-1.997171401977539,"y":1.5517818927764893,"z":-1.332268476486206},"rotation":{"x":-0.027749856933951379,"y":0.8564584851264954,"z":-0.04629376530647278,"w":-0.513386607170105},"size":9.7102689743042,"orthographic":false}